1508874880,Bethann Doom,male,en_US,350
734468160,Shavon Bohl,female,en_US,501
267452080,Richie Lawhorn,female,en_US,968
1005824064,Earline Loucks,female,en_US,846
105981088,Leandra Hull,female,en_US,389
1368903168,Jannet Sheffer,female,en_US,336
378782784,Velia Koh,male,en_US,204
1666515328,Oma Littles,female,en_US,125
1345771264,Maribeth Chalmers,male,en_US,534
1270116352,Ashlee Hipple,male,en_US,991
408905920,Rosia Mayen,male,en_US,471
1140284032,Karrie Pusey,female,en_US,791
1371708928,Wilda Shim,female,en_US,861
607178368,Cira Chamorro,female,en_US,221
1963216384,Crystal Trembley,male,en_US,741
840109120,Bridgette Capozzi,male,en_US,345
363331840,Marguerite Tousignant,female,en_US,986
772561920,Rochelle Trivette,male,en_US,984
1649954688,Kendra Lipsett,male,en_US,694
2109060608,Kellie Heims,male,en_US,489
47077300,Domingo Mueller,female,en_US,1
1942413184,Eldridge Gauvin,male,en_US,870
2066145280,Mercy Haffey,female,en_US,335
1512031488,Vincent Molander,female,en_US,408
442532736,Cierra Dobbins,male,en_US,532
1398385408,Phyllis Mckane,male,en_US,957
1876785536,Alverta Hickle,male,en_US,711
248392336,Deonna Terpstra,female,en_US,635
2096183168,Sharla Roseborough,male,en_US,228
1786295680,Mira Withey,female,en_US,54
19759156,Nereida Penix,male,en_US,264
1919255168,Reva Slevin,female,en_US,139
824431104,Eleonore Stejskal,male,en_US,264
581298688,Wm Inoue,male,en_US,690
1699387904,Marlon Maclachlan,male,en_US,96
1278540160,Wilfred Amesquita,female,en_US,984
1937548672,Tasia Rippy,female,en_US,24
302393088,Reyes Loyola,female,en_US,735
1828063488,Carmon Stutz,male,en_US,171
941488640,Cristopher Coddington,male,en_US,75
809815104,Svetlana Tow,male,en_US,599
155005504,Odilia Pugsley,female,en_US,733
1302889600,Noriko Cusack,male,en_US,764
1719879552,Burl Fedele,female,en_US,412
1347844096,Treena Woodson,female,en_US,142
48694828,An Seavey,male,en_US,523
1872264960,Talitha Kline,male,en_US,884
813757376,Lela Sarkis,male,en_US,327
1492146688,Claudine Plunk,female,en_US,668
1338263296,Hulda Beaver,male,en_US,967